lr,test_accuracy
0.001,47.635555555555555
0.0002,60.053333333333335
2e-05,63.44888888888889
0.0001,60.21333333333333
1e-05,62.23111111111111
