lr,test_accuracy
0.001,35.08866666666667
0.0002,38.31666666666667
2e-05,39.08533333333333
0.0001,40.63333333333333
1e-05,37.586
