lr,test_accuracy
0.001,48.03066666666667
0.0002,59.83
2e-05,62.95733333333333
0.0001,61.76266666666667
1e-05,61.56133333333333