lr,test_accuracy
0.001,34.12444444444444
0.0002,37.617777777777775
2e-05,39.47555555555556
0.0001,40.72888888888889
1e-05,37.24444444444445
